<annotation>
	<folder>train</folder>
	<filename>01.jpg</filename>
	<path>C:\Users\HP\source\repos\models\research\object_detection\images\train\01.jpg</path>
	<source>
		<database>Unknown</database>
	</source>
	<size>
		<width>800</width>
		<height>600</height>
		<depth>3</depth>
	</size>
	<segmented>0</segmented>
	<object>
		<name>thym</name>
		<pose>Unspecified</pose>
		<truncated>0</truncated>
		<difficult>0</difficult>
		<bndbox>
			<xmin>266</xmin>
			<ymin>5</ymin>
			<xmax>771</xmax>
			<ymax>327</ymax>
		</bndbox>
	</object>
</annotation>
