<annotation>
	<folder>train</folder>
	<filename>010.jpg</filename>
	<path>C:\Users\rabza\OneDrive\Desktop\images\train\010.jpg</path>
	<source>
		<database>Unknown</database>
	</source>
	<size>
		<width>800</width>
		<height>600</height>
		<depth>3</depth>
	</size>
	<segmented>0</segmented>
	<object>
		<name>thym</name>
		<pose>Unspecified</pose>
		<truncated>0</truncated>
		<difficult>0</difficult>
		<bndbox>
			<xmin>43</xmin>
			<ymin>7</ymin>
			<xmax>788</xmax>
			<ymax>349</ymax>
		</bndbox>
	</object>
</annotation>
