<annotation>
	<folder>train</folder>
	<filename>014.jpg</filename>
	<path>C:\Users\rabza\OneDrive\Desktop\images\train\014.jpg</path>
	<source>
		<database>Unknown</database>
	</source>
	<size>
		<width>800</width>
		<height>600</height>
		<depth>3</depth>
	</size>
	<segmented>0</segmented>
	<object>
		<name>thym</name>
		<pose>Unspecified</pose>
		<truncated>0</truncated>
		<difficult>0</difficult>
		<bndbox>
			<xmin>116</xmin>
			<ymin>93</ymin>
			<xmax>728</xmax>
			<ymax>562</ymax>
		</bndbox>
	</object>
</annotation>
