<annotation>
	<folder>train</folder>
	<filename>016.jpg</filename>
	<path>C:\Users\rabza\OneDrive\Desktop\images\train\016.jpg</path>
	<source>
		<database>Unknown</database>
	</source>
	<size>
		<width>800</width>
		<height>600</height>
		<depth>3</depth>
	</size>
	<segmented>0</segmented>
	<object>
		<name>xx</name>
		<pose>Unspecified</pose>
		<truncated>0</truncated>
		<difficult>0</difficult>
		<bndbox>
			<xmin>169</xmin>
			<ymin>67</ymin>
			<xmax>603</xmax>
			<ymax>338</ymax>
		</bndbox>
	</object>
	<object>
		<name>thym</name>
		<pose>Unspecified</pose>
		<truncated>0</truncated>
		<difficult>0</difficult>
		<bndbox>
			<xmin>163</xmin>
			<ymin>80</ymin>
			<xmax>632</xmax>
			<ymax>330</ymax>
		</bndbox>
	</object>
</annotation>
