<annotation verified="yes">
	<folder>train</folder>
	<filename>1.jpg</filename>
	<path>C:\Users\rabza\OneDrive\Desktop\images\train\1.jpg</path>
	<source>
		<database>Unknown</database>
	</source>
	<size>
		<width>800</width>
		<height>600</height>
		<depth>3</depth>
	</size>
	<segmented>0</segmented>
	<object>
		<name>persil</name>
		<pose>Unspecified</pose>
		<truncated>0</truncated>
		<difficult>0</difficult>
		<bndbox>
			<xmin>205</xmin>
			<ymin>51</ymin>
			<xmax>780</xmax>
			<ymax>560</ymax>
		</bndbox>
	</object>
</annotation>
