<annotation>
	<folder>train</folder>
	<filename>20201120_165252.jpg</filename>
	<path>C:\Users\rabza\OneDrive\Desktop\images\train\20201120_165252.jpg</path>
	<source>
		<database>Unknown</database>
	</source>
	<size>
		<width>800</width>
		<height>600</height>
		<depth>3</depth>
	</size>
	<segmented>0</segmented>
	<object>
		<name>thym</name>
		<pose>Unspecified</pose>
		<truncated>0</truncated>
		<difficult>0</difficult>
		<bndbox>
			<xmin>8</xmin>
			<ymin>271</ymin>
			<xmax>285</xmax>
			<ymax>539</ymax>
		</bndbox>
	</object>
	<object>
		<name>chrysanthemes jaunes</name>
		<pose>Unspecified</pose>
		<truncated>0</truncated>
		<difficult>0</difficult>
		<bndbox>
			<xmin>234</xmin>
			<ymin>3</ymin>
			<xmax>624</xmax>
			<ymax>232</ymax>
		</bndbox>
	</object>
	<object>
		<name>basilic</name>
		<pose>Unspecified</pose>
		<truncated>0</truncated>
		<difficult>0</difficult>
		<bndbox>
			<xmin>358</xmin>
			<ymin>300</ymin>
			<xmax>719</xmax>
			<ymax>594</ymax>
		</bndbox>
	</object>
	<object>
		<name>persil</name>
		<pose>Unspecified</pose>
		<truncated>0</truncated>
		<difficult>0</difficult>
		<bndbox>
			<xmin>589</xmin>
			<ymin>205</ymin>
			<xmax>781</xmax>
			<ymax>385</ymax>
		</bndbox>
	</object>
</annotation>
