<annotation>
	<folder>train</folder>
	<filename>20201120_165311.jpg</filename>
	<path>C:\Users\rabza\OneDrive\Desktop\images\train\20201120_165311.jpg</path>
	<source>
		<database>Unknown</database>
	</source>
	<size>
		<width>800</width>
		<height>600</height>
		<depth>3</depth>
	</size>
	<segmented>0</segmented>
	<object>
		<name>basilic</name>
		<pose>Unspecified</pose>
		<truncated>0</truncated>
		<difficult>0</difficult>
		<bndbox>
			<xmin>9</xmin>
			<ymin>105</ymin>
			<xmax>224</xmax>
			<ymax>409</ymax>
		</bndbox>
	</object>
	<object>
		<name>chrysanthemes jaunes</name>
		<pose>Unspecified</pose>
		<truncated>0</truncated>
		<difficult>0</difficult>
		<bndbox>
			<xmin>341</xmin>
			<ymin>146</ymin>
			<xmax>519</xmax>
			<ymax>460</ymax>
		</bndbox>
	</object>
	<object>
		<name>thym</name>
		<pose>Unspecified</pose>
		<truncated>0</truncated>
		<difficult>0</difficult>
		<bndbox>
			<xmin>456</xmin>
			<ymin>469</ymin>
			<xmax>578</xmax>
			<ymax>596</ymax>
		</bndbox>
	</object>
	<object>
		<name>persil</name>
		<pose>Unspecified</pose>
		<truncated>1</truncated>
		<difficult>0</difficult>
		<bndbox>
			<xmin>549</xmin>
			<ymin>37</ymin>
			<xmax>800</xmax>
			<ymax>292</ymax>
		</bndbox>
	</object>
</annotation>
