<annotation>
	<folder>train</folder>
	<filename>20201120_165239.jpg</filename>
	<path>C:\Users\rabza\OneDrive\Desktop\images\train\20201120_165239.jpg</path>
	<source>
		<database>Unknown</database>
	</source>
	<size>
		<width>800</width>
		<height>600</height>
		<depth>3</depth>
	</size>
	<segmented>0</segmented>
	<object>
		<name>thyma</name>
		<pose>Unspecified</pose>
		<truncated>0</truncated>
		<difficult>0</difficult>
		<bndbox>
			<xmin>11</xmin>
			<ymin>215</ymin>
			<xmax>148</xmax>
			<ymax>394</ymax>
		</bndbox>
	</object>
	<object>
		<name>basilic</name>
		<pose>Unspecified</pose>
		<truncated>0</truncated>
		<difficult>0</difficult>
		<bndbox>
			<xmin>156</xmin>
			<ymin>277</ymin>
			<xmax>488</xmax>
			<ymax>597</ymax>
		</bndbox>
	</object>
	<object>
		<name>chrysantheme jaune</name>
		<pose>Unspecified</pose>
		<truncated>0</truncated>
		<difficult>0</difficult>
		<bndbox>
			<xmin>232</xmin>
			<ymin>13</ymin>
			<xmax>704</xmax>
			<ymax>238</ymax>
		</bndbox>
	</object>
	<object>
		<name>persil</name>
		<pose>Unspecified</pose>
		<truncated>1</truncated>
		<difficult>0</difficult>
		<bndbox>
			<xmin>558</xmin>
			<ymin>249</ymin>
			<xmax>800</xmax>
			<ymax>580</ymax>
		</bndbox>
	</object>
</annotation>
