<annotation>
	<folder>train</folder>
	<filename>20201120_165356.jpg</filename>
	<path>C:\Users\rabza\OneDrive\Desktop\images\train\20201120_165356.jpg</path>
	<source>
		<database>Unknown</database>
	</source>
	<size>
		<width>800</width>
		<height>600</height>
		<depth>3</depth>
	</size>
	<segmented>0</segmented>
	<object>
		<name>chrysanthemes jaunes</name>
		<pose>Unspecified</pose>
		<truncated>0</truncated>
		<difficult>0</difficult>
		<bndbox>
			<xmin>327</xmin>
			<ymin>11</ymin>
			<xmax>792</xmax>
			<ymax>439</ymax>
		</bndbox>
	</object>
	<object>
		<name>persil</name>
		<pose>Unspecified</pose>
		<truncated>0</truncated>
		<difficult>0</difficult>
		<bndbox>
			<xmin>81</xmin>
			<ymin>3</ymin>
			<xmax>283</xmax>
			<ymax>237</ymax>
		</bndbox>
	</object>
</annotation>
