<annotation>
	<folder>train</folder>
	<filename>20201120_165257.jpg</filename>
	<path>C:\Users\rabza\OneDrive\Desktop\images\train\20201120_165257.jpg</path>
	<source>
		<database>Unknown</database>
	</source>
	<size>
		<width>800</width>
		<height>600</height>
		<depth>3</depth>
	</size>
	<segmented>0</segmented>
	<object>
		<name>thym</name>
		<pose>Unspecified</pose>
		<truncated>0</truncated>
		<difficult>0</difficult>
		<bndbox>
			<xmin>136</xmin>
			<ymin>291</ymin>
			<xmax>296</xmax>
			<ymax>493</ymax>
		</bndbox>
	</object>
	<object>
		<name>chrysanthemes jaunes</name>
		<pose>Unspecified</pose>
		<truncated>0</truncated>
		<difficult>0</difficult>
		<bndbox>
			<xmin>158</xmin>
			<ymin>17</ymin>
			<xmax>574</xmax>
			<ymax>298</ymax>
		</bndbox>
	</object>
	<object>
		<name>persil</name>
		<pose>Unspecified</pose>
		<truncated>0</truncated>
		<difficult>0</difficult>
		<bndbox>
			<xmin>520</xmin>
			<ymin>200</ymin>
			<xmax>731</xmax>
			<ymax>382</ymax>
		</bndbox>
	</object>
	<object>
		<name>basilic</name>
		<pose>Unspecified</pose>
		<truncated>0</truncated>
		<difficult>0</difficult>
		<bndbox>
			<xmin>305</xmin>
			<ymin>317</ymin>
			<xmax>646</xmax>
			<ymax>578</ymax>
		</bndbox>
	</object>
</annotation>
