<annotation>
	<folder>train</folder>
	<filename>20201120_165319.jpg</filename>
	<path>C:\Users\rabza\OneDrive\Desktop\images\train\20201120_165319.jpg</path>
	<source>
		<database>Unknown</database>
	</source>
	<size>
		<width>800</width>
		<height>600</height>
		<depth>3</depth>
	</size>
	<segmented>0</segmented>
	<object>
		<name>chrysanthemes jaunes</name>
		<pose>Unspecified</pose>
		<truncated>0</truncated>
		<difficult>0</difficult>
		<bndbox>
			<xmin>421</xmin>
			<ymin>110</ymin>
			<xmax>639</xmax>
			<ymax>346</ymax>
		</bndbox>
	</object>
	<object>
		<name>thym</name>
		<pose>Unspecified</pose>
		<truncated>0</truncated>
		<difficult>0</difficult>
		<bndbox>
			<xmin>409</xmin>
			<ymin>318</ymin>
			<xmax>496</xmax>
			<ymax>421</ymax>
		</bndbox>
	</object>
	<object>
		<name>basilic</name>
		<pose>Unspecified</pose>
		<truncated>0</truncated>
		<difficult>0</difficult>
		<bndbox>
			<xmin>516</xmin>
			<ymin>359</ymin>
			<xmax>687</xmax>
			<ymax>555</ymax>
		</bndbox>
	</object>
	<object>
		<name>persil</name>
		<pose>Unspecified</pose>
		<truncated>0</truncated>
		<difficult>0</difficult>
		<bndbox>
			<xmin>624</xmin>
			<ymin>274</ymin>
			<xmax>756</xmax>
			<ymax>387</ymax>
		</bndbox>
	</object>
</annotation>
