<annotation>
	<folder>train</folder>
	<filename>20201120_165338.jpg</filename>
	<path>C:\Users\rabza\OneDrive\Desktop\images\train\20201120_165338.jpg</path>
	<source>
		<database>Unknown</database>
	</source>
	<size>
		<width>800</width>
		<height>600</height>
		<depth>3</depth>
	</size>
	<segmented>0</segmented>
	<object>
		<name>chrysanthemes jaunes</name>
		<pose>Unspecified</pose>
		<truncated>0</truncated>
		<difficult>0</difficult>
		<bndbox>
			<xmin>32</xmin>
			<ymin>184</ymin>
			<xmax>302</xmax>
			<ymax>463</ymax>
		</bndbox>
	</object>
	<object>
		<name>basilic</name>
		<pose>Unspecified</pose>
		<truncated>0</truncated>
		<difficult>0</difficult>
		<bndbox>
			<xmin>273</xmin>
			<ymin>11</ymin>
			<xmax>455</xmax>
			<ymax>194</ymax>
		</bndbox>
	</object>
	<object>
		<name>persil</name>
		<pose>Unspecified</pose>
		<truncated>0</truncated>
		<difficult>0</difficult>
		<bndbox>
			<xmin>132</xmin>
			<ymin>69</ymin>
			<xmax>257</xmax>
			<ymax>180</ymax>
		</bndbox>
	</object>
	<object>
		<name>thym</name>
		<pose>Unspecified</pose>
		<truncated>0</truncated>
		<difficult>0</difficult>
		<bndbox>
			<xmin>335</xmin>
			<ymin>213</ymin>
			<xmax>460</xmax>
			<ymax>335</ymax>
		</bndbox>
	</object>
</annotation>
