<annotation>
	<folder>train</folder>
	<filename>20201120_165033.jpg</filename>
	<path>C:\Users\rabza\OneDrive\Desktop\images\train\20201120_165033.jpg</path>
	<source>
		<database>Unknown</database>
	</source>
	<size>
		<width>800</width>
		<height>600</height>
		<depth>3</depth>
	</size>
	<segmented>0</segmented>
	<object>
		<name>chrysantheme jaune</name>
		<pose>Unspecified</pose>
		<truncated>0</truncated>
		<difficult>0</difficult>
		<bndbox>
			<xmin>9</xmin>
			<ymin>102</ymin>
			<xmax>325</xmax>
			<ymax>447</ymax>
		</bndbox>
	</object>
	<object>
		<name>persil</name>
		<pose>Unspecified</pose>
		<truncated>0</truncated>
		<difficult>0</difficult>
		<bndbox>
			<xmin>341</xmin>
			<ymin>93</ymin>
			<xmax>509</xmax>
			<ymax>305</ymax>
		</bndbox>
	</object>
	<object>
		<name>basilique</name>
		<pose>Unspecified</pose>
		<truncated>0</truncated>
		<difficult>0</difficult>
		<bndbox>
			<xmin>522</xmin>
			<ymin>61</ymin>
			<xmax>754</xmax>
			<ymax>322</ymax>
		</bndbox>
	</object>
	<object>
		<name>thym</name>
		<pose>Unspecified</pose>
		<truncated>0</truncated>
		<difficult>0</difficult>
		<bndbox>
			<xmin>330</xmin>
			<ymin>368</ymin>
			<xmax>501</xmax>
			<ymax>527</ymax>
		</bndbox>
	</object>
	<object>
		<name>basilic</name>
		<pose>Unspecified</pose>
		<truncated>0</truncated>
		<difficult>0</difficult>
		<bndbox>
			<xmin>537</xmin>
			<ymin>63</ymin>
			<xmax>737</xmax>
			<ymax>276</ymax>
		</bndbox>
	</object>
</annotation>
