<annotation>
	<folder>train</folder>
	<filename>20201120_144914.jpg</filename>
	<path>C:\Users\rabza\OneDrive\Desktop\images\train\20201120_144914.jpg</path>
	<source>
		<database>Unknown</database>
	</source>
	<size>
		<width>800</width>
		<height>600</height>
		<depth>3</depth>
	</size>
	<segmented>0</segmented>
	<object>
		<name>chrysantheme jaune</name>
		<pose>Unspecified</pose>
		<truncated>0</truncated>
		<difficult>0</difficult>
		<bndbox>
			<xmin>311</xmin>
			<ymin>501</ymin>
			<xmax>385</xmax>
			<ymax>587</ymax>
		</bndbox>
	</object>
	<object>
		<name>chrysantheme jaune</name>
		<pose>Unspecified</pose>
		<truncated>0</truncated>
		<difficult>0</difficult>
		<bndbox>
			<xmin>506</xmin>
			<ymin>389</ymin>
			<xmax>637</xmax>
			<ymax>557</ymax>
		</bndbox>
	</object>
	<object>
		<name>chrysantheme jaune</name>
		<pose>Unspecified</pose>
		<truncated>0</truncated>
		<difficult>0</difficult>
		<bndbox>
			<xmin>353</xmin>
			<ymin>339</ymin>
			<xmax>467</xmax>
			<ymax>528</ymax>
		</bndbox>
	</object>
	<object>
		<name>chrysantheme jaune</name>
		<pose>Unspecified</pose>
		<truncated>0</truncated>
		<difficult>0</difficult>
		<bndbox>
			<xmin>322</xmin>
			<ymin>424</ymin>
			<xmax>412</xmax>
			<ymax>575</ymax>
		</bndbox>
	</object>
	<object>
		<name>chrysantheme jaune</name>
		<pose>Unspecified</pose>
		<truncated>0</truncated>
		<difficult>0</difficult>
		<bndbox>
			<xmin>391</xmin>
			<ymin>211</ymin>
			<xmax>504</xmax>
			<ymax>335</ymax>
		</bndbox>
	</object>
	<object>
		<name>chrysantheme jaune</name>
		<pose>Unspecified</pose>
		<truncated>0</truncated>
		<difficult>0</difficult>
		<bndbox>
			<xmin>461</xmin>
			<ymin>69</ymin>
			<xmax>661</xmax>
			<ymax>229</ymax>
		</bndbox>
	</object>
	<object>
		<name>chrysantheme jaune</name>
		<pose>Unspecified</pose>
		<truncated>0</truncated>
		<difficult>0</difficult>
		<bndbox>
			<xmin>407</xmin>
			<ymin>8</ymin>
			<xmax>483</xmax>
			<ymax>105</ymax>
		</bndbox>
	</object>
	<object>
		<name>chrysantheme jaune</name>
		<pose>Unspecified</pose>
		<truncated>1</truncated>
		<difficult>0</difficult>
		<bndbox>
			<xmin>356</xmin>
			<ymin>1</ymin>
			<xmax>426</xmax>
			<ymax>66</ymax>
		</bndbox>
	</object>
	<object>
		<name>chrysantheme jaune</name>
		<pose>Unspecified</pose>
		<truncated>0</truncated>
		<difficult>0</difficult>
		<bndbox>
			<xmin>342</xmin>
			<ymin>183</ymin>
			<xmax>422</xmax>
			<ymax>345</ymax>
		</bndbox>
	</object>
	<object>
		<name>chrysantheme jaune</name>
		<pose>Unspecified</pose>
		<truncated>0</truncated>
		<difficult>0</difficult>
		<bndbox>
			<xmin>302</xmin>
			<ymin>285</ymin>
			<xmax>380</xmax>
			<ymax>373</ymax>
		</bndbox>
	</object>
	<object>
		<name>chrysantheme jaune</name>
		<pose>Unspecified</pose>
		<truncated>0</truncated>
		<difficult>0</difficult>
		<bndbox>
			<xmin>305</xmin>
			<ymin>516</ymin>
			<xmax>345</xmax>
			<ymax>579</ymax>
		</bndbox>
	</object>
	<object>
		<name>chrysantheme jaune</name>
		<pose>Unspecified</pose>
		<truncated>0</truncated>
		<difficult>0</difficult>
		<bndbox>
			<xmin>313</xmin>
			<ymin>200</ymin>
			<xmax>358</xmax>
			<ymax>276</ymax>
		</bndbox>
	</object>
</annotation>
