<annotation>
	<folder>train</folder>
	<filename>20201120_165112.jpg</filename>
	<path>C:\Users\rabza\OneDrive\Desktop\images\train\20201120_165112.jpg</path>
	<source>
		<database>Unknown</database>
	</source>
	<size>
		<width>800</width>
		<height>600</height>
		<depth>3</depth>
	</size>
	<segmented>0</segmented>
	<object>
		<name>persil</name>
		<pose>Unspecified</pose>
		<truncated>0</truncated>
		<difficult>0</difficult>
		<bndbox>
			<xmin>274</xmin>
			<ymin>45</ymin>
			<xmax>614</xmax>
			<ymax>482</ymax>
		</bndbox>
	</object>
	<object>
		<name>chrysantheme jaune</name>
		<pose>Unspecified</pose>
		<truncated>0</truncated>
		<difficult>0</difficult>
		<bndbox>
			<xmin>620</xmin>
			<ymin>2</ymin>
			<xmax>798</xmax>
			<ymax>156</ymax>
		</bndbox>
	</object>
</annotation>
