<annotation>
	<folder>train</folder>
	<filename>20201120_165247.jpg</filename>
	<path>C:\Users\rabza\OneDrive\Desktop\images\train\20201120_165247.jpg</path>
	<source>
		<database>Unknown</database>
	</source>
	<size>
		<width>800</width>
		<height>600</height>
		<depth>3</depth>
	</size>
	<segmented>0</segmented>
	<object>
		<name>thym</name>
		<pose>Unspecified</pose>
		<truncated>1</truncated>
		<difficult>0</difficult>
		<bndbox>
			<xmin>1</xmin>
			<ymin>294</ymin>
			<xmax>266</xmax>
			<ymax>587</ymax>
		</bndbox>
	</object>
	<object>
		<name>chrysantheme jaune</name>
		<pose>Unspecified</pose>
		<truncated>0</truncated>
		<difficult>0</difficult>
		<bndbox>
			<xmin>212</xmin>
			<ymin>8</ymin>
			<xmax>521</xmax>
			<ymax>218</ymax>
		</bndbox>
	</object>
	<object>
		<name>basilic</name>
		<pose>Unspecified</pose>
		<truncated>0</truncated>
		<difficult>0</difficult>
		<bndbox>
			<xmin>424</xmin>
			<ymin>255</ymin>
			<xmax>765</xmax>
			<ymax>521</ymax>
		</bndbox>
	</object>
	<object>
		<name>persil</name>
		<pose>Unspecified</pose>
		<truncated>0</truncated>
		<difficult>0</difficult>
		<bndbox>
			<xmin>537</xmin>
			<ymin>155</ymin>
			<xmax>701</xmax>
			<ymax>301</ymax>
		</bndbox>
	</object>
</annotation>
