<annotation>
	<folder>train</folder>
	<filename>20201120_165341.jpg</filename>
	<path>C:\Users\rabza\OneDrive\Desktop\images\train\20201120_165341.jpg</path>
	<source>
		<database>Unknown</database>
	</source>
	<size>
		<width>800</width>
		<height>600</height>
		<depth>3</depth>
	</size>
	<segmented>0</segmented>
	<object>
		<name>chrysanthemes jaunes</name>
		<pose>Unspecified</pose>
		<truncated>0</truncated>
		<difficult>0</difficult>
		<bndbox>
			<xmin>58</xmin>
			<ymin>226</ymin>
			<xmax>323</xmax>
			<ymax>492</ymax>
		</bndbox>
	</object>
	<object>
		<name>thym</name>
		<pose>Unspecified</pose>
		<truncated>0</truncated>
		<difficult>0</difficult>
		<bndbox>
			<xmin>356</xmin>
			<ymin>260</ymin>
			<xmax>472</xmax>
			<ymax>361</ymax>
		</bndbox>
	</object>
	<object>
		<name>basilic</name>
		<pose>Unspecified</pose>
		<truncated>0</truncated>
		<difficult>0</difficult>
		<bndbox>
			<xmin>278</xmin>
			<ymin>33</ymin>
			<xmax>468</xmax>
			<ymax>240</ymax>
		</bndbox>
	</object>
	<object>
		<name>persil</name>
		<pose>Unspecified</pose>
		<truncated>0</truncated>
		<difficult>0</difficult>
		<bndbox>
			<xmin>129</xmin>
			<ymin>122</ymin>
			<xmax>287</xmax>
			<ymax>216</ymax>
		</bndbox>
	</object>
</annotation>
