<annotation>
	<folder>train</folder>
	<filename>20201120_144912.jpg</filename>
	<path>C:\Users\rabza\OneDrive\Desktop\images\train\20201120_144912.jpg</path>
	<source>
		<database>Unknown</database>
	</source>
	<size>
		<width>800</width>
		<height>600</height>
		<depth>3</depth>
	</size>
	<segmented>0</segmented>
	<object>
		<name>chrysantheme jaune</name>
		<pose>Unspecified</pose>
		<truncated>0</truncated>
		<difficult>0</difficult>
		<bndbox>
			<xmin>331</xmin>
			<ymin>361</ymin>
			<xmax>360</xmax>
			<ymax>434</ymax>
		</bndbox>
	</object>
	<object>
		<name>chrysantheme jaune</name>
		<pose>Unspecified</pose>
		<truncated>0</truncated>
		<difficult>0</difficult>
		<bndbox>
			<xmin>377</xmin>
			<ymin>295</ymin>
			<xmax>421</xmax>
			<ymax>394</ymax>
		</bndbox>
	</object>
	<object>
		<name>chrysantheme jaune</name>
		<pose>Unspecified</pose>
		<truncated>0</truncated>
		<difficult>0</difficult>
		<bndbox>
			<xmin>570</xmin>
			<ymin>410</ymin>
			<xmax>796</xmax>
			<ymax>592</ymax>
		</bndbox>
	</object>
	<object>
		<name>chrysantheme jaune</name>
		<pose>Unspecified</pose>
		<truncated>0</truncated>
		<difficult>0</difficult>
		<bndbox>
			<xmin>449</xmin>
			<ymin>401</ymin>
			<xmax>526</xmax>
			<ymax>534</ymax>
		</bndbox>
	</object>
	<object>
		<name>chrysantheme jaune</name>
		<pose>Unspecified</pose>
		<truncated>0</truncated>
		<difficult>0</difficult>
		<bndbox>
			<xmin>515</xmin>
			<ymin>74</ymin>
			<xmax>648</xmax>
			<ymax>237</ymax>
		</bndbox>
	</object>
	<object>
		<name>chrysantheme jaune</name>
		<pose>Unspecified</pose>
		<truncated>0</truncated>
		<difficult>0</difficult>
		<bndbox>
			<xmin>368</xmin>
			<ymin>23</ymin>
			<xmax>498</xmax>
			<ymax>212</ymax>
		</bndbox>
	</object>
	<object>
		<name>chrysantheme jaune</name>
		<pose>Unspecified</pose>
		<truncated>0</truncated>
		<difficult>0</difficult>
		<bndbox>
			<xmin>382</xmin>
			<ymin>26</ymin>
			<xmax>485</xmax>
			<ymax>216</ymax>
		</bndbox>
	</object>
	<object>
		<name>chrysantheme jaune</name>
		<pose>Unspecified</pose>
		<truncated>0</truncated>
		<difficult>0</difficult>
		<bndbox>
			<xmin>325</xmin>
			<ymin>151</ymin>
			<xmax>396</xmax>
			<ymax>252</ymax>
		</bndbox>
	</object>
	<object>
		<name>chrysantheme jaune</name>
		<pose>Unspecified</pose>
		<truncated>0</truncated>
		<difficult>0</difficult>
		<bndbox>
			<xmin>347</xmin>
			<ymin>241</ymin>
			<xmax>391</xmax>
			<ymax>312</ymax>
		</bndbox>
	</object>
	<object>
		<name>chrysantheme jaune</name>
		<pose>Unspecified</pose>
		<truncated>0</truncated>
		<difficult>0</difficult>
		<bndbox>
			<xmin>378</xmin>
			<ymin>303</ymin>
			<xmax>420</xmax>
			<ymax>391</ymax>
		</bndbox>
	</object>
</annotation>
