<annotation>
	<folder>train</folder>
	<filename>images (10).jpg</filename>
	<path>C:\Users\rabza\OneDrive\Desktop\images\train\images (10).jpg</path>
	<source>
		<database>Unknown</database>
	</source>
	<size>
		<width>800</width>
		<height>600</height>
		<depth>3</depth>
	</size>
	<segmented>0</segmented>
	<object>
		<name>chrysanthemes jaunes</name>
		<pose>Unspecified</pose>
		<truncated>0</truncated>
		<difficult>0</difficult>
		<bndbox>
			<xmin>21</xmin>
			<ymin>297</ymin>
			<xmax>286</xmax>
			<ymax>572</ymax>
		</bndbox>
	</object>
	<object>
		<name>chrysanthemes jaunes</name>
		<pose>Unspecified</pose>
		<truncated>0</truncated>
		<difficult>0</difficult>
		<bndbox>
			<xmin>238</xmin>
			<ymin>259</ymin>
			<xmax>458</xmax>
			<ymax>512</ymax>
		</bndbox>
	</object>
	<object>
		<name>chrysanthemes jaunes</name>
		<pose>Unspecified</pose>
		<truncated>0</truncated>
		<difficult>0</difficult>
		<bndbox>
			<xmin>456</xmin>
			<ymin>287</ymin>
			<xmax>618</xmax>
			<ymax>544</ymax>
		</bndbox>
	</object>
</annotation>
