<annotation>
	<folder>train</folder>
	<filename>images (5).jpg</filename>
	<path>C:\Users\rabza\OneDrive\Desktop\images\train\images (5).jpg</path>
	<source>
		<database>Unknown</database>
	</source>
	<size>
		<width>800</width>
		<height>600</height>
		<depth>3</depth>
	</size>
	<segmented>0</segmented>
	<object>
		<name>chrysanthemes jaunes</name>
		<pose>Unspecified</pose>
		<truncated>1</truncated>
		<difficult>0</difficult>
		<bndbox>
			<xmin>426</xmin>
			<ymin>46</ymin>
			<xmax>800</xmax>
			<ymax>163</ymax>
		</bndbox>
	</object>
	<object>
		<name>chrysanthemes jaunes</name>
		<pose>Unspecified</pose>
		<truncated>0</truncated>
		<difficult>0</difficult>
		<bndbox>
			<xmin>9</xmin>
			<ymin>13</ymin>
			<xmax>204</xmax>
			<ymax>83</ymax>
		</bndbox>
	</object>
</annotation>
