<annotation>
	<folder>train</folder>
	<filename>images (1).jpg</filename>
	<path>C:\Users\rabza\OneDrive\Desktop\images\train\images (1).jpg</path>
	<source>
		<database>Unknown</database>
	</source>
	<size>
		<width>800</width>
		<height>600</height>
		<depth>3</depth>
	</size>
	<segmented>0</segmented>
	<object>
		<name>chrysanthemes jaunes</name>
		<pose>Unspecified</pose>
		<truncated>0</truncated>
		<difficult>0</difficult>
		<bndbox>
			<xmin>11</xmin>
			<ymin>9</ymin>
			<xmax>783</xmax>
			<ymax>532</ymax>
		</bndbox>
	</object>
</annotation>
