<annotation>
	<folder>train</folder>
	<filename>images (15).jpg</filename>
	<path>C:\Users\rabza\OneDrive\Desktop\images\train\images (15).jpg</path>
	<source>
		<database>Unknown</database>
	</source>
	<size>
		<width>800</width>
		<height>600</height>
		<depth>3</depth>
	</size>
	<segmented>0</segmented>
	<object>
		<name>basilic</name>
		<pose>Unspecified</pose>
		<truncated>0</truncated>
		<difficult>0</difficult>
		<bndbox>
			<xmin>193</xmin>
			<ymin>206</ymin>
			<xmax>528</xmax>
			<ymax>595</ymax>
		</bndbox>
	</object>
</annotation>
