<annotation>
	<folder>train</folder>
	<filename>images (3).jpg</filename>
	<path>C:\Users\rabza\OneDrive\Desktop\images\train\images (3).jpg</path>
	<source>
		<database>Unknown</database>
	</source>
	<size>
		<width>800</width>
		<height>600</height>
		<depth>3</depth>
	</size>
	<segmented>0</segmented>
	<object>
		<name>chrysanthemes jaunes</name>
		<pose>Unspecified</pose>
		<truncated>0</truncated>
		<difficult>0</difficult>
		<bndbox>
			<xmin>14</xmin>
			<ymin>268</ymin>
			<xmax>279</xmax>
			<ymax>560</ymax>
		</bndbox>
	</object>
	<object>
		<name>chrysanthemes jaunes</name>
		<pose>Unspecified</pose>
		<truncated>0</truncated>
		<difficult>0</difficult>
		<bndbox>
			<xmin>338</xmin>
			<ymin>263</ymin>
			<xmax>540</xmax>
			<ymax>350</ymax>
		</bndbox>
	</object>
</annotation>
