<annotation>
	<folder>train</folder>
	<filename>téléchargement (5).jpg</filename>
	<path>C:\Users\rabza\OneDrive\Desktop\images\train\téléchargement (5).jpg</path>
	<source>
		<database>Unknown</database>
	</source>
	<size>
		<width>800</width>
		<height>600</height>
		<depth>3</depth>
	</size>
	<segmented>0</segmented>
	<object>
		<name>chrysanthemes jaunes</name>
		<pose>Unspecified</pose>
		<truncated>0</truncated>
		<difficult>0</difficult>
		<bndbox>
			<xmin>9</xmin>
			<ymin>153</ymin>
			<xmax>538</xmax>
			<ymax>481</ymax>
		</bndbox>
	</object>
	<object>
		<name>chrysanthemes jaunes</name>
		<pose>Unspecified</pose>
		<truncated>0</truncated>
		<difficult>0</difficult>
		<bndbox>
			<xmin>288</xmin>
			<ymin>6</ymin>
			<xmax>732</xmax>
			<ymax>305</ymax>
		</bndbox>
	</object>
</annotation>
