<annotation>
	<folder>train</folder>
	<filename>téléchargement (12).jpg</filename>
	<path>C:\Users\rabza\OneDrive\Desktop\images\train\téléchargement (12).jpg</path>
	<source>
		<database>Unknown</database>
	</source>
	<size>
		<width>800</width>
		<height>600</height>
		<depth>3</depth>
	</size>
	<segmented>0</segmented>
	<object>
		<name>chrysanthemes jaunes</name>
		<pose>Unspecified</pose>
		<truncated>0</truncated>
		<difficult>0</difficult>
		<bndbox>
			<xmin>425</xmin>
			<ymin>36</ymin>
			<xmax>787</xmax>
			<ymax>306</ymax>
		</bndbox>
	</object>
	<object>
		<name>chrysanthemes jaunes</name>
		<pose>Unspecified</pose>
		<truncated>0</truncated>
		<difficult>0</difficult>
		<bndbox>
			<xmin>438</xmin>
			<ymin>333</ymin>
			<xmax>788</xmax>
			<ymax>592</ymax>
		</bndbox>
	</object>
</annotation>
