<annotation>
	<folder>train</folder>
	<filename>téléchargement (1).jpg</filename>
	<path>C:\Users\rabza\OneDrive\Desktop\images\train\téléchargement (1).jpg</path>
	<source>
		<database>Unknown</database>
	</source>
	<size>
		<width>800</width>
		<height>600</height>
		<depth>3</depth>
	</size>
	<segmented>0</segmented>
	<object>
		<name>chrysanthemes jaunes</name>
		<pose>Unspecified</pose>
		<truncated>0</truncated>
		<difficult>0</difficult>
		<bndbox>
			<xmin>20</xmin>
			<ymin>28</ymin>
			<xmax>765</xmax>
			<ymax>572</ymax>
		</bndbox>
	</object>
</annotation>
