<annotation>
	<folder>train</folder>
	<filename>téléchargement.jpg</filename>
	<path>C:/Users/rabza/OneDrive/Desktop/images/train/téléchargement.jpg</path>
	<source>
		<database>Unknown</database>
	</source>
	<size>
		<width>800</width>
		<height>600</height>
		<depth>3</depth>
	</size>
	<segmented>0</segmented>
	<object>
		<name>chrysantheme jaune</name>
		<pose>Unspecified</pose>
		<truncated>0</truncated>
		<difficult>0</difficult>
		<bndbox>
			<xmin>22</xmin>
			<ymin>19</ymin>
			<xmax>798</xmax>
			<ymax>512</ymax>
		</bndbox>
	</object>
</annotation>
