<annotation>
	<folder>train</folder>
	<filename>téléchargement (11).jpg</filename>
	<path>C:\Users\rabza\OneDrive\Desktop\images\train\téléchargement (11).jpg</path>
	<source>
		<database>Unknown</database>
	</source>
	<size>
		<width>800</width>
		<height>600</height>
		<depth>3</depth>
	</size>
	<segmented>0</segmented>
	<object>
		<name>chrysanthemes jaunes</name>
		<pose>Unspecified</pose>
		<truncated>0</truncated>
		<difficult>0</difficult>
		<bndbox>
			<xmin>18</xmin>
			<ymin>309</ymin>
			<xmax>559</xmax>
			<ymax>590</ymax>
		</bndbox>
	</object>
	<object>
		<name>chrysanthemes jaunes</name>
		<pose>Unspecified</pose>
		<truncated>0</truncated>
		<difficult>0</difficult>
		<bndbox>
			<xmin>437</xmin>
			<ymin>217</ymin>
			<xmax>567</xmax>
			<ymax>378</ymax>
		</bndbox>
	</object>
	<object>
		<name>chrysanthemes jaunes</name>
		<pose>Unspecified</pose>
		<truncated>0</truncated>
		<difficult>0</difficult>
		<bndbox>
			<xmin>580</xmin>
			<ymin>368</ymin>
			<xmax>766</xmax>
			<ymax>588</ymax>
		</bndbox>
	</object>
</annotation>
