<annotation>
	<folder>train</folder>
	<filename>téléchargement (3).jpg</filename>
	<path>C:\Users\rabza\OneDrive\Desktop\images\train\téléchargement (3).jpg</path>
	<source>
		<database>Unknown</database>
	</source>
	<size>
		<width>800</width>
		<height>600</height>
		<depth>3</depth>
	</size>
	<segmented>0</segmented>
	<object>
		<name>basilic</name>
		<pose>Unspecified</pose>
		<truncated>0</truncated>
		<difficult>0</difficult>
		<bndbox>
			<xmin>128</xmin>
			<ymin>13</ymin>
			<xmax>443</xmax>
			<ymax>304</ymax>
		</bndbox>
	</object>
	<object>
		<name>basilic</name>
		<pose>Unspecified</pose>
		<truncated>0</truncated>
		<difficult>0</difficult>
		<bndbox>
			<xmin>444</xmin>
			<ymin>3</ymin>
			<xmax>742</xmax>
			<ymax>218</ymax>
		</bndbox>
	</object>
</annotation>
